year,month,treasury1,treasury2,treasury3,treasury4,treasury5,treasury6,treasury7,treasury8,treasury9,treasury10,muni1,muni2,muni3,muni4,muni5,muni6,muni7,muni8,muni9,muni10,munirf1,munirf2,munirf3,munirf4,munirf5,munirf6,munirf7,munirf8,munirf9,munirf10
1995,2,6.6249,7.0057,7.1581,7.2299,7.2762,7.316,7.3548,7.3932,7.4305,7.4659,5.1676,5.2161,5.2701,5.3288,5.3914,5.4573,5.5258,5.5965,5.6689,5.7425,2.524,3.1696,3.7776,4.3466,4.8753,5.3619,5.7642,6.1251,6.4368,6.7017
1995,3,6.3922,6.6726,6.8134,6.8988,6.965,7.0259,7.0855,7.1442,7.201,7.2552,4.882,4.9473,5.0179,5.0929,5.1716,5.2532,5.3373,5.4232,5.5105,5.599,1.1455,1.9758,2.8161,3.6613,4.5066,5.3468,6.1371,6.9173,7.6776,8.4178
1995,4,6.2216,6.4629,6.6056,6.7005,6.775,6.8429,6.9102,6.979,7.0489,7.1188,4.7542,4.8156,4.8845,4.9595,5.0395,5.1235,5.2106,5.3,5.3911,5.4832,3.8532,4.0626,4.2525,4.4218,4.5687,4.6911,4.7465,4.777,4.7745,4.7406
1995,5,5.9487,6.0854,6.1863,6.2686,6.342,6.4118,6.4803,6.5484,6.6159,6.6824,4.6567,4.7126,4.779,4.8543,4.9371,5.0261,5.1203,5.2186,5.3204,5.4247,3.1282,3.5258,3.9178,4.2995,4.6661,5.0129,5.2952,5.5533,5.7778,5.9689
1995,6,5.6289,5.6654,5.7322,5.8086,5.888,5.9677,6.0463,6.1228,6.1967,6.2675,4.3839,4.453,4.534,4.6247,4.723,4.8274,4.9365,5.0491,5.1643,5.2811,3.5618,3.7025,3.8697,4.0543,4.2482,4.4435,4.5928,4.7343,4.8562,4.9572
1995,9,5.6243,5.7379,5.8253,5.8997,5.9687,6.0361,6.1036,6.1716,6.2396,6.307,4.3079,4.3557,4.422,4.504,4.5993,4.7056,4.8212,4.9442,5.0733,5.2071,2.5235,2.9462,3.3543,3.7436,4.1101,4.4497,4.7184,4.9573,5.1573,5.3196
1995,10,5.5822,5.6507,5.709,5.7636,5.818,5.8739,5.9316,5.9908,6.0508,6.1108,4.3358,4.3858,4.4523,4.5329,4.6253,4.7277,4.8385,4.9561,5.0792,5.2067,2.702,3.1749,3.6238,4.0377,4.4095,4.7346,4.9697,5.1577,5.2917,5.3749
1995,11,5.4188,5.4456,5.514,5.5902,5.6666,5.7406,5.8115,5.8788,5.9424,6.0024,4.3042,4.3684,4.4437,4.528,4.6199,4.7179,4.821,4.9279,5.0378,5.15,2.8804,3.2404,3.5913,3.929,4.2493,4.5482,4.7813,4.9894,5.1634,5.3039
1995,12,5.2882,5.2912,5.3446,5.4113,5.4811,5.5504,5.6176,5.6821,5.7435,5.8018,4.1797,4.2726,4.3699,4.47,4.5716,4.6739,4.7761,4.8777,4.9782,5.0774,3.5536,3.677,3.8239,3.9856,4.1537,4.3209,4.4401,4.5498,4.6388,4.706
1996,1,5.065,5.082,5.1624,5.2566,5.3519,5.4441,5.5318,5.6142,5.6913,5.763,4.1061,4.1832,4.2687,4.3609,4.4583,4.5597,4.6641,4.7708,4.8789,4.9879,2.4485,2.8987,3.3289,3.7363,4.1177,4.4699,4.7495,4.998,5.2068,5.3774
1996,2,4.9203,4.9871,5.1108,5.2467,5.3814,5.5101,5.631,5.7433,5.847,5.9421,3.888,3.983,4.0847,4.1917,4.3023,4.4155,4.5303,4.6458,4.7616,4.877,2.0198,2.5476,3.0489,3.5215,3.9634,4.372,4.7045,5.003,5.2595,5.4756
1996,3,5.371,5.6033,5.752,5.8643,5.9623,6.0553,6.1464,6.2357,6.3225,6.4055,4.2334,4.3075,4.3927,4.487,4.5889,4.6969,4.8098,4.9264,5.0458,5.1671,2.9027,3.3055,3.7027,4.0895,4.4612,4.813,5.1002,5.3633,5.5925,5.7884
1996,4,5.5655,5.8935,6.0682,6.1788,6.2647,6.343,6.4202,6.4977,6.5746,6.6496,4.3978,4.4997,4.6052,4.7131,4.8226,4.933,5.0435,5.1539,5.2636,5.3723,3.2204,3.5498,3.8781,4.1993,4.5075,4.7974,5.0239,5.2269,5.3967,5.5336
1996,5,5.6526,6.0234,6.2229,6.3467,6.4394,6.5209,6.5984,6.6741,6.7476,6.8178,4.4698,4.562,4.6607,4.764,4.8703,4.9786,5.0877,5.1972,5.3063,5.4148,3.2358,3.5545,3.897,4.2555,4.6226,4.991,5.3139,5.6298,5.9273,6.2053
1996,6,5.824,6.2334,6.434,6.5473,6.6273,6.6961,6.7617,6.826,6.8885,6.9482,4.531,4.6256,4.7253,4.8288,4.9352,5.0436,5.1533,5.2638,5.3746,5.4854,3.2451,3.6362,4.0233,4.4012,4.7648,5.1094,5.39,5.647,5.8706,6.0611
1996,7,5.8604,6.2133,6.3877,6.4884,6.5616,6.6261,6.6886,6.7504,6.8111,6.8694,4.4745,4.5679,4.6666,4.7692,4.8745,4.9816,5.0896,5.1979,5.306,5.4134,2.5284,3.118,3.6639,4.1659,4.6232,5.0348,5.3594,5.6401,5.8701,6.0521
1996,8,5.6406,5.9618,6.1356,6.2412,6.3178,6.3842,6.4484,6.5129,6.5777,6.6418,4.3551,4.4294,4.5107,4.5979,4.6899,4.7858,4.8848,4.9863,5.0895,5.194,3.1001,3.448,3.786,4.11,4.4163,4.7008,4.9194,5.1131,5.2726,5.399
1996,9,5.8304,6.1629,6.333,6.4461,6.5358,6.6143,6.686,6.7525,6.8142,6.8713,4.5173,4.5904,4.671,4.7575,4.8485,4.9429,5.0397,5.1381,5.2375,5.3374,3.434,3.7641,4.0798,4.3779,4.6554,4.9087,5.0944,5.2539,5.3784,5.469
1996,10,5.5807,5.8473,6.0133,6.1318,6.2258,6.3068,6.3803,6.4494,6.515,6.5776,4.3506,4.4448,4.5443,4.6479,4.7545,4.8629,4.9725,5.0825,5.1924,5.3016,2.6533,3.068,3.4768,3.8748,4.2574,4.6196,4.9168,5.1894,5.4277,5.6322
1996,11,5.4503,5.6333,5.7589,5.8525,5.9293,5.998,6.0632,6.1271,6.1902,6.2524,4.3,4.3678,4.4453,4.5307,4.6224,4.7193,4.8202,4.9243,5.0307,5.1388,2.4304,3.0469,3.6049,4.1064,4.5529,4.945,5.243,5.4915,5.6845,5.8259
1996,12,5.5022,5.7164,5.8486,5.9401,6.0131,6.0787,6.1421,6.2052,6.268,6.3299,4.3054,4.3779,4.4592,4.5477,4.6419,4.7405,4.8426,4.947,5.053,5.16,3.4612,3.6784,3.8974,4.1134,4.3216,4.517,4.6549,4.7753,4.8687,4.935
1997,1,5.6478,5.93,6.097,6.2035,6.2807,6.3453,6.4059,6.4659,6.5264,6.5869,4.3026,4.3871,4.4769,4.5706,4.6673,4.7658,4.8655,4.9657,5.0658,5.1654,3.4214,3.7269,4.0186,4.2935,4.5483,4.7796,4.9438,5.0822,5.1862,5.2568
1997,2,5.5506,5.8116,5.9687,6.0706,6.1456,6.2089,6.2685,6.3279,6.3879,6.4483,4.2346,4.3064,4.3861,4.472,4.5629,4.6576,4.7551,4.8546,4.9555,5.057,3.5121,3.6986,3.903,4.1174,4.3343,4.5467,4.708,4.8568,4.9821,5.083
1997,3,5.8235,6.1324,6.305,6.4072,6.4758,6.5307,6.5819,6.6336,6.6868,6.7412,4.3971,4.4707,4.551,4.6368,4.7268,4.8201,4.9159,5.0136,5.1125,5.2122,3.6615,3.7772,3.9356,4.1244,4.3326,4.5502,4.7279,4.9024,5.0607,5.2004
1997,4,6.0119,6.3645,6.5368,6.6264,6.6826,6.7285,6.7737,6.8214,6.8714,6.9224,4.7123,4.7705,4.8354,4.9058,4.9807,5.0592,5.1404,5.2239,5.3089,5.3951,3.878,4.0638,4.2647,4.4736,4.6838,4.8889,5.0426,5.1839,5.3021,5.3964
1997,5,5.875,6.1898,6.3457,6.4307,6.4876,6.5362,6.5845,6.6346,6.6862,6.7381,4.6135,4.6682,4.7255,4.7852,4.8468,4.9103,4.9754,5.042,5.1097,5.1786,3.7064,3.9282,4.1602,4.3962,4.6298,4.8552,5.0267,5.1835,5.3152,5.4214
1997,6,5.7355,6.0187,6.1628,6.2423,6.2959,6.3422,6.3892,6.4394,6.4924,6.547,4.4031,4.4541,4.5121,4.5761,4.6452,4.7186,4.7956,4.8756,4.9581,5.0425,3.3271,3.6031,3.8937,4.1899,4.4837,4.7678,4.9953,5.2051,5.3861,5.5377
1997,7,5.6246,5.8173,5.9279,5.9968,6.0471,6.0909,6.1343,6.1795,6.2268,6.2756,4.2435,4.2876,4.342,4.405,4.4753,4.5515,4.6327,4.7178,4.8062,4.8969,3.6103,3.8702,4.1179,4.3504,4.5644,4.7565,4.8831,4.9856,5.0552,5.0929
1997,8,5.6816,5.8712,5.9858,6.0626,6.122,6.1746,6.2256,6.2767,6.3282,6.3793,4.2673,4.3209,4.3828,4.4514,4.5255,4.6041,4.6861,4.7709,4.8576,4.9457,3.1661,3.6002,3.9922,4.343,4.6525,4.9203,5.1054,5.2516,5.3519,5.4093
1997,9,5.6341,5.8246,5.9228,5.9879,6.043,6.0964,6.15,6.2037,6.2562,6.3066,4.2956,4.3288,4.3733,4.4278,4.4909,4.5615,4.6386,4.7213,4.8086,4.8999,3.1532,3.5694,3.9463,4.284,4.5822,4.8403,5.0169,5.1556,5.2492,5.3006
1997,10,5.5833,5.7256,5.7953,5.8451,5.8915,5.9391,5.9883,6.038,6.0869,6.1341,4.2487,4.2983,4.3566,4.4222,4.4941,4.5711,4.6524,4.7373,4.8249,4.9146,3.5414,3.8077,4.0635,4.3053,4.5292,4.7314,4.8681,4.9804,5.0593,5.1058
1997,11,5.5969,5.6771,5.7208,5.7492,5.7738,5.8002,5.8304,5.8648,5.9025,5.9423,4.2686,4.3094,4.3602,4.4196,4.486,4.5582,4.6352,4.716,4.7999,4.8861,3.6757,3.9357,4.1792,4.404,4.6074,4.7864,4.8981,4.9841,5.0361,5.0553
1997,12,5.6281,5.6701,5.6909,5.7046,5.7186,5.7359,5.7574,5.7831,5.812,5.843,4.2363,4.2718,4.3158,4.3671,4.4247,4.4876,4.5551,4.6264,4.701,4.7782,3.5438,3.7828,4.016,4.2393,4.4486,4.6395,4.7681,4.875,4.9509,4.9966
1998,1,5.3358,5.3226,5.3327,5.3582,5.3939,5.4362,5.4824,5.5303,5.5785,5.6256,4.0767,4.1073,4.1466,4.1933,4.2464,4.3047,4.3676,4.4341,4.5037,4.5757,3.2801,3.5299,3.769,3.9945,4.2032,4.3918,4.5166,4.6189,4.6898,4.7303
1998,2,5.3893,5.3835,5.3948,5.4196,5.4546,5.4968,5.5437,5.5931,5.6434,5.6931,4.1107,4.1321,4.1629,4.2019,4.2482,4.3007,4.3588,4.4217,4.4887,4.5592,3.4266,3.6577,3.8831,4.0987,4.3004,4.4842,4.6057,4.7058,4.7752,4.8146
1998,3,5.4764,5.5147,5.5387,5.5593,5.5819,5.609,5.641,5.6772,5.7165,5.7575,4.1518,4.1897,4.2372,4.2932,4.3564,4.4259,4.5006,4.5798,4.6627,4.7487,3.4092,3.6081,3.8122,4.016,4.2141,4.4012,4.5321,4.6467,4.7349,4.7967
1998,4,5.4674,5.5264,5.5428,5.5531,5.5696,5.5947,5.6273,5.6653,5.7062,5.7481,4.2812,4.3074,4.3428,4.3863,4.4371,4.4942,4.5569,4.6244,4.6962,4.7716,3.4151,3.6303,3.8474,4.0615,4.2673,4.4598,4.5941,4.7104,4.7987,4.8593
1998,5,5.4977,5.5544,5.5701,5.5807,5.5976,5.6227,5.6548,5.6916,5.7308,5.7707,4.2379,4.271,4.3147,4.3673,4.4273,4.4935,4.5649,4.6403,4.7191,4.8004,3.6413,3.7674,3.9154,4.0776,4.2464,4.4148,4.5361,4.6488,4.7416,4.8136
1998,6,5.476,5.4855,5.4763,5.4804,5.4942,5.5137,5.536,5.5595,5.5831,5.6062,4.1716,4.1964,4.2321,4.2772,4.3304,4.3904,4.4564,4.5272,4.6022,4.6806,3.5538,3.7208,3.8972,4.0766,4.2531,4.421,4.5347,4.6338,4.7078,4.7566
1998,7,5.3974,5.4349,5.4395,5.4375,5.44,5.4505,5.4689,5.4938,5.5235,5.5558,4.1371,4.1706,4.2132,4.2633,4.3201,4.3823,4.4493,4.5201,4.5942,4.6711,3.6787,3.7844,3.9065,4.0382,4.1729,4.3043,4.3865,4.4585,4.5097,4.5394
1998,8,5.2561,5.2667,5.2659,5.2672,5.2754,5.2919,5.316,5.3462,5.3807,5.4177,4.0401,4.083,4.1335,4.1906,4.2535,4.3212,4.3931,4.4685,4.5468,4.6275,3.4051,3.563,3.7342,3.9117,4.0889,4.2594,4.3773,4.4817,4.5621,4.6179
1998,9,4.852,4.7324,4.676,4.6651,4.6865,4.7301,4.7883,4.8552,4.9264,4.9987,3.9028,3.9329,3.9728,4.0213,4.0773,4.1396,4.2074,4.2799,4.3563,4.436,3.1589,3.3596,3.5645,3.7682,3.9655,4.1511,4.2798,4.3918,4.4769,4.5352
1998,10,4.3281,4.2491,4.2348,4.2675,4.3333,4.4211,4.5223,4.6304,4.7402,4.8478,3.7331,3.7704,3.8166,3.8701,3.9301,3.9956,4.0656,4.1396,4.2168,4.2967,2.9316,3.1119,3.3167,3.5375,3.7662,3.9951,4.177,4.3502,4.5031,4.6344
1998,11,4.6558,4.6237,4.6264,4.6555,4.7042,4.7668,4.8386,4.9158,4.9953,5.0748,3.8086,3.8499,3.9002,3.9582,4.0226,4.0925,4.167,4.2453,4.3267,4.4106,3.2744,3.4095,3.5602,3.719,3.8789,4.0335,4.1365,4.2269,4.2941,4.3373
1998,12,4.6175,4.5532,4.5317,4.5433,4.5796,4.634,4.7009,4.7757,4.8546,4.9348,3.8237,3.8552,3.8972,3.9481,4.0068,4.0721,4.1432,4.2192,4.2994,4.3831,3.3058,3.4318,3.5776,3.7354,3.8978,4.0581,4.1694,4.2706,4.3504,4.4082
1999,1,4.6446,4.6484,4.6392,4.6485,4.6836,4.7413,4.8154,4.8992,4.9872,5.0748,3.7374,3.7788,3.8294,3.8881,3.9539,4.0259,4.1033,4.1853,4.2713,4.3608,3.0046,3.1817,3.3867,3.6099,3.8424,4.076,4.2628,4.4406,4.5977,4.7325
1999,2,4.8056,4.8853,4.9169,4.9449,4.985,5.04,5.1072,5.1821,5.2603,5.338,3.6245,3.6742,3.7346,3.8042,3.8814,3.965,4.0539,4.1471,4.2438,4.3432,2.9332,3.1057,3.3024,3.5147,3.7343,3.9535,4.1251,4.2873,4.4286,4.5477
1999,3,4.9032,5.0454,5.115,5.1652,5.2175,5.2786,5.3482,5.4233,5.5003,5.576,3.7977,3.8419,3.8968,3.9606,4.0317,4.1087,4.1905,4.276,4.3643,4.4548,3.1109,3.246,3.4175,3.6142,3.8259,4.0432,4.2177,4.3864,4.5368,4.6669
1999,4,4.808,4.9517,5.0106,5.0525,5.1024,5.1663,5.2421,5.3255,5.4115,5.4963,3.8469,3.8796,3.9261,3.9842,4.052,4.1279,4.2103,4.2983,4.3906,4.4864,3.1376,3.3015,3.4859,3.6824,3.8833,4.0812,4.2294,4.3662,4.4805,4.5713
1999,5,4.9944,5.2111,5.3266,5.4022,5.4667,5.5316,5.6,5.6712,5.7431,5.8132,3.9489,3.9905,4.0433,4.1055,4.1758,4.2529,4.3357,4.4231,4.5143,4.6085,3.3418,3.4483,3.5914,3.7604,3.9456,4.1379,4.2888,4.4355,4.5656,4.6772
1999,6,5.2827,5.5749,5.7194,5.8024,5.8639,5.9209,5.9791,6.0389,6.0987,6.1563,4.1447,4.2091,4.2799,4.3561,4.4364,4.52,4.6061,4.6938,4.7828,4.8723,3.5889,3.7079,3.856,4.0236,4.202,4.3829,4.5188,4.6474,4.7569,4.8459
1999,7,5.2471,5.491,5.6033,5.6736,5.7366,5.8029,5.8735,5.9456,6.0161,6.082,4.1394,4.2169,4.2992,4.3851,4.4733,4.5629,4.6533,4.7436,4.8336,4.9227,3.3952,3.6112,3.8329,4.0547,4.2714,4.4777,4.6284,4.7634,4.8725,4.9558
1999,8,5.3992,5.6386,5.7565,5.8387,5.9142,5.9897,6.0649,6.1371,6.204,6.2638,4.2644,4.3262,4.3996,4.4824,4.5731,4.6699,4.7717,4.8772,4.9854,5.0955,3.6064,3.7562,3.9274,4.1117,4.3017,4.4901,4.6302,4.7603,4.8693,4.9562
1999,9,5.4316,5.6221,5.7077,5.7784,5.858,5.9474,6.0412,6.1334,6.2197,6.2971,4.308,4.3627,4.4293,4.5058,4.5906,4.6823,4.7795,4.8813,4.9866,5.0945,3.6003,3.7788,3.977,4.1867,4.4,4.6095,4.7686,4.9156,5.0393,5.1389
1999,10,5.5853,5.8177,5.9122,5.9868,6.0694,6.1601,6.2529,6.342,6.4233,6.4945,4.4036,4.4647,4.5378,4.6207,4.7115,4.8088,4.9112,5.0175,5.1267,5.2381,3.7014,3.8571,4.0452,4.2555,4.4784,4.7052,4.8877,5.0634,5.22,5.3558
1999,11,5.6476,5.8092,5.8656,5.908,5.9615,6.0274,6.1004,6.1748,6.2458,6.3103,4.436,4.4978,4.5673,4.6432,4.7243,4.8096,4.8983,4.9896,5.0828,5.1774,3.5737,3.7912,4.0264,4.2711,4.5178,4.7593,4.9489,5.1251,5.277,5.4036
1999,12,5.8966,6.0449,6.0744,6.109,6.1671,6.2416,6.3224,6.4016,6.4745,6.538,4.6389,4.6774,4.7283,4.79,4.861,4.94,5.0258,5.1174,5.2138,5.3142,3.8517,4.0466,4.2604,4.4851,4.7131,4.9374,5.1112,5.2731,5.412,5.5269
2000,1,6.1463,6.3601,6.4214,6.4696,6.5248,6.5835,6.6399,6.6905,6.7333,6.7677,4.7338,4.7901,4.853,4.9215,4.9947,5.0716,5.1516,5.234,5.3182,5.4037,3.9687,4.1472,4.3457,4.556,4.7705,4.9821,5.144,5.2948,5.4232,5.5283
2000,2,6.2978,6.5198,6.5732,6.5926,6.6056,6.615,6.6193,6.6177,6.6101,6.5968,4.7802,4.8204,4.8711,4.9307,4.9977,5.0711,5.1497,5.2327,5.3193,5.4087,3.9554,4.1663,4.3947,4.6316,4.8693,5.1006,5.2789,5.443,5.5822,5.6958
2000,3,6.3186,6.4454,6.448,6.4318,6.4202,6.4144,6.4114,6.4083,6.4033,6.3954,4.7596,4.8067,4.8597,4.9176,4.9796,5.0449,5.113,5.1833,5.2553,5.3287,4.0794,4.2318,4.412,4.6105,4.8184,5.0276,5.1903,5.3444,5.4782,5.5901
2000,4,6.2774,6.3066,6.2486,6.2041,6.1805,6.1702,6.1663,6.1644,6.162,6.158,4.7999,4.8313,4.8691,4.9127,4.9614,5.0146,5.0717,5.1323,5.1958,5.262,4.0545,4.2389,4.437,4.6417,4.8462,5.0441,5.1893,5.3209,5.428,5.5103
2000,5,6.6922,6.7246,6.6644,6.6244,6.6037,6.5922,6.5833,6.5738,6.562,6.5477,5.0056,5.0374,5.0755,5.1192,5.1677,5.2206,5.2772,5.3372,5.4,5.4654,4.2468,4.4066,4.588,4.7825,4.9824,5.1803,5.3293,5.4678,5.5846,5.6785
2000,6,6.4777,6.4412,6.3444,6.2838,6.2528,6.2381,6.2313,6.2275,6.2244,6.2205,4.7498,4.7823,4.822,4.8682,4.92,4.9767,5.0379,5.1028,5.171,5.2421,4.0216,4.1922,4.3804,4.5787,4.7797,4.9769,5.1238,5.2591,5.3718,5.4612
2000,7,6.3683,6.3011,6.2174,6.1671,6.1431,6.1342,6.1326,6.1337,6.135,6.1352,4.5851,4.6064,4.6374,4.6772,4.7251,4.78,4.8413,4.9082,4.9802,5.0566,3.7582,3.9598,4.1832,4.4192,4.6593,4.8959,5.0818,5.2554,5.4054,5.5306
2000,8,6.3318,6.1882,6.0774,6.0149,5.9832,5.9683,5.9619,5.9592,5.9577,5.9559,4.422,4.4436,4.4761,4.5183,4.569,4.6271,4.6917,4.762,4.8371,4.9164,3.603,3.8267,4.0615,4.3004,4.5369,4.7645,4.9373,5.0945,5.2256,5.3302
2000,9,6.201,6.0133,5.9027,5.8613,5.8601,5.879,5.9062,5.9351,5.9623,5.9859,4.4332,4.4565,4.489,4.5297,4.5776,4.6318,4.6915,4.7561,4.8249,4.8974,3.7614,3.925,4.1087,4.3043,4.5037,4.6998,4.8456,4.9798,5.091,5.1785
2000,10,6.1715,5.883,5.7427,5.7016,5.7097,5.7399,5.7782,5.8179,5.8553,5.8887,4.455,4.4836,4.522,4.569,4.6237,4.685,4.7521,4.8243,4.9008,4.981,3.7783,3.9518,4.139,4.3327,4.5261,4.7127,4.8465,4.9664,5.062,5.1325
2000,11,6.138,5.8442,5.7119,5.6709,5.6742,5.6977,5.7297,5.7637,5.7966,5.8266,4.4687,4.4874,4.517,4.5565,4.6047,4.6607,4.7237,4.7929,4.8675,4.9469,3.6286,3.8379,4.056,4.2766,4.4937,4.7015,4.8542,4.9914,5.1028,5.1879
2000,12,5.665,5.3544,5.2155,5.171,5.1777,5.2116,5.2586,5.3107,5.363,5.4129,4.2521,4.2735,4.3074,4.3524,4.4072,4.4707,4.5419,4.6198,4.7037,4.7926,3.4055,3.6458,3.8898,4.1316,4.3659,4.5872,4.7504,4.8953,5.0121,5.1007
2001,1,4.9614,4.8041,4.8114,4.8787,4.9666,5.059,5.1488,5.233,5.3101,5.3796,3.737,3.7741,3.8271,3.894,3.973,4.0626,4.1613,4.2677,4.3807,4.4994,3.0475,3.2735,3.5108,3.7526,3.9924,4.2238,4.4009,4.5628,4.6991,4.8091
2001,2,4.7575,4.6893,4.7458,4.8371,4.936,5.0327,5.1236,5.2071,5.2829,5.351,3.6668,3.7159,3.7799,3.8561,3.9423,4.0367,4.1375,4.2435,4.3533,4.4659,2.9,3.1668,3.4299,3.6843,3.9252,4.148,4.3082,4.4461,4.5523,4.6273
2001,3,4.3834,4.3655,4.4544,4.5724,4.6948,4.8127,4.9225,5.023,5.1139,5.1955,3.6647,3.7162,3.7811,3.8573,3.9434,4.0376,4.1388,4.2457,4.3572,4.4725,2.7833,3.06,3.3311,3.5925,3.84,4.0695,4.2366,4.3821,4.4965,4.5805
2001,4,4.0899,4.2445,4.4298,4.6138,4.7872,4.9468,5.0916,5.2218,5.3379,5.4408,3.7095,3.7908,3.8829,3.9828,4.0884,4.1977,4.3095,4.4224,4.5358,4.6488,2.9389,3.1933,3.4538,3.7128,3.9637,4.2007,4.3782,4.5361,4.6644,4.7631
2001,5,3.9401,4.2985,4.5776,4.806,5.0004,5.1684,5.3145,5.4414,5.5515,5.6466,3.4376,3.5945,3.7459,3.892,4.033,4.1691,4.3005,4.4273,4.5498,4.668,2.5615,2.9093,3.2487,3.5754,3.8852,4.1738,4.397,4.5955,4.7601,4.8914
2001,6,3.7525,4.1479,4.455,4.699,4.9024,5.0757,5.2249,5.3536,5.4644,5.5596,3.2012,3.3864,3.5639,3.7332,3.8944,4.0473,4.1921,4.3291,4.4586,4.5808,2.3232,2.7491,3.1449,3.5097,3.8417,4.1391,4.3596,4.5458,4.6899,4.7939
2001,7,3.6782,4.0756,4.3884,4.6354,4.8402,5.014,5.1632,5.2915,5.402,5.4967,3.1665,3.3487,3.5253,3.6952,3.8577,4.0125,4.1594,4.2985,4.4301,4.5543,2.2578,2.6906,3.0863,3.445,3.7663,4.049,4.2518,4.4178,4.5399,4.6207
2001,8,3.4371,3.7896,4.1126,4.3754,4.5946,4.7812,4.9416,5.0801,5.1997,5.3026,2.895,3.094,3.2829,3.4621,3.6319,3.7929,3.9454,4.09,4.2272,4.3572,1.9122,2.3853,2.8237,3.2266,3.5931,3.9216,4.1703,4.3822,4.5497,4.6752
2001,9,2.7938,3.1713,3.5595,3.8971,4.1873,4.4382,4.6563,4.8461,5.0113,5.1545,2.7813,2.9909,3.1911,3.3821,3.5639,3.7368,3.9011,4.0572,4.2053,4.346,1.7253,2.2113,2.6518,3.0512,3.4117,3.734,3.9774,4.1856,4.3515,4.4776
2001,10,2.2953,2.7796,3.2454,3.6306,3.9506,4.2212,4.453,4.6527,4.825,4.9737,2.5712,2.8195,3.0521,3.2696,3.4729,3.6627,3.84,4.0059,4.1611,4.3065,1.5843,2.111,2.5829,3.0015,3.3681,3.6839,3.9095,4.09,4.22,4.3034
2001,11,2.173,2.8203,3.3456,3.752,4.0777,4.346,4.5705,4.7597,4.9194,5.0539,2.5048,2.7968,3.0612,3.301,3.5189,3.7171,3.8978,4.0628,4.2137,4.3519,1.492,2.0411,2.529,2.9582,3.3311,3.6496,3.875,4.053,4.1785,4.2559
2001,12,2.1779,3.112,3.7602,4.2147,4.5591,4.8335,5.0578,5.2436,5.3982,5.5268,2.663,3.0401,3.368,3.653,3.9007,4.1158,4.3026,4.4647,4.6052,4.7269,1.7175,2.3019,2.8125,3.2575,3.6427,3.9717,4.2066,4.3934,4.5273,4.6125
2002,1,2.1029,3.0242,3.6824,4.1422,4.4873,4.7602,4.9823,5.1658,5.3184,5.4455,2.0599,2.5315,2.9381,3.2889,3.5917,3.853,4.0786,4.2732,4.4409,4.5855,1.2643,1.9608,2.5506,3.0475,3.4623,3.8029,4.0351,4.208,4.319,4.3745
2002,2,2.1788,3.0074,3.6154,4.0544,4.3917,4.6625,4.8853,5.0708,5.2261,5.356,2.0938,2.4935,2.8497,3.1671,3.4502,3.7027,3.9283,4.1299,4.3104,4.4721,1.0959,1.7912,2.3756,2.8648,3.2711,3.6038,3.8296,3.998,4.1071,4.1634
2002,3,2.5932,3.5103,4.1033,4.5156,4.8282,5.0773,5.281,5.4497,5.5899,5.7065,2.4219,2.8088,3.1501,3.4515,3.7181,3.9541,4.1633,4.3489,4.5137,4.6602,1.5787,2.1702,2.6817,3.1216,3.496,3.8094,4.0249,4.1892,4.2982,4.3568
2002,4,2.4557,3.3864,3.9924,4.4085,4.7206,4.9681,5.1703,5.338,5.4783,5.5957,2.5973,2.9449,3.2517,3.5227,3.7624,3.9745,4.1623,4.3287,4.4762,4.6071,1.8104,2.3276,2.7836,3.1843,3.5333,3.8327,4.0435,4.2105,4.328,4.3995
2002,5,2.3392,3.2353,3.8254,4.2434,4.5667,4.8293,5.0476,5.2311,5.3862,5.5171,2.2734,2.6366,2.9627,3.2556,3.5192,3.7565,3.9706,4.1638,4.3383,4.4962,1.0774,1.8244,2.4368,2.942,3.359,3.7006,3.9354,4.1141,4.2349,4.3044
2002,6,2.1567,2.9622,3.5232,3.9358,4.2643,4.5371,4.7685,4.9668,5.1373,5.284,2.0433,2.4229,2.7627,3.0676,3.3417,3.5887,3.8116,4.0132,4.1959,4.3618,1.0312,1.735,2.3145,2.7872,3.1682,3.4699,3.6615,3.7946,3.8686,3.891
2002,7,1.8437,2.5141,3.0851,3.5294,3.8902,4.1936,4.4536,4.6786,4.8741,5.0442,1.7543,2.1863,2.5668,2.9027,3.1996,3.4626,3.696,3.9035,4.0883,4.2533,0.8751,1.5296,2.0927,2.5792,2.9989,3.3582,3.621,3.8344,3.9941,4.1049
2002,8,1.6739,2.1122,2.5914,3.0199,3.3958,3.7257,4.0156,4.27,4.4927,4.687,1.5704,1.9964,2.3765,2.7159,3.0193,3.2908,3.534,3.7521,3.9477,4.1235,0.795,1.3746,1.8895,2.3456,2.7468,3.0959,3.3543,3.5675,3.7302,3.8464
2002,9,1.6903,1.9733,2.3343,2.6951,3.0341,3.3446,3.6254,3.8771,4.1011,4.2993,1.5425,1.8944,2.2151,2.5079,2.7756,3.0207,3.2454,3.4518,3.6415,3.8163,0.7221,1.2706,1.758,2.1854,2.5545,2.8664,3.0821,3.2471,3.3564,3.4145
2002,10,1.6217,1.9182,2.2976,2.6806,3.0424,3.3751,3.6767,3.9476,4.1893,4.4035,1.8483,2.2053,2.5272,2.8178,3.0803,3.3179,3.533,3.7282,3.9054,4.0664,0.979,1.5618,2.0602,2.4845,2.8422,3.1387,3.3379,3.487,3.582,3.6282
2002,11,1.4717,1.9365,2.3833,2.7901,3.1567,3.4854,3.7788,4.0398,4.2711,4.4751,1.6801,2.0804,2.4403,2.7642,3.056,3.3191,3.5566,3.7712,3.9654,4.1412,0.8583,1.4807,2.0143,2.4693,2.8535,3.173,3.3921,3.5587,3.6695,3.7299
2002,12,1.3839,1.8397,2.3121,2.7403,3.1215,3.4598,3.7595,4.0245,4.2579,4.4627,1.4674,1.9243,2.3316,2.6948,3.0187,3.3079,3.5659,3.7962,4.0019,4.1854,0.7457,1.3474,1.8887,2.3703,2.7937,3.1602,3.431,3.6518,3.8175,3.9326
2003,1,1.3093,1.7533,2.2506,2.7016,3.0976,3.4445,3.7491,4.0167,4.2517,4.4575,1.0083,1.5474,2.0259,2.4506,2.8272,3.1609,3.4566,3.7182,3.9496,4.1539,0.459,1.0196,1.553,2.0549,2.5218,2.9504,3.2975,3.6051,3.8652,4.0797
2003,2,1.2461,1.6359,2.1135,2.5568,2.9476,3.2895,3.5893,3.8526,4.084,4.2871,0.8416,1.4156,1.9225,2.3694,2.7629,3.1087,3.4121,3.6776,3.9094,4.1111,0.1527,0.8612,1.4872,2.0376,2.5173,2.9303,3.2394,3.4912,3.6817,3.8161
2003,3,1.2169,1.5891,2.0384,2.4601,2.8384,3.1749,3.4739,3.7396,3.9754,4.1843,1.0361,1.5349,1.9786,2.3734,2.7247,3.0374,3.3157,3.5634,3.7838,3.98,0.4386,1.0131,1.5452,2.0324,2.4729,2.8656,3.1692,3.4275,3.634,3.792
2003,4,1.2297,1.6442,2.134,2.5825,2.975,3.3171,3.6165,3.8793,4.1106,4.314,1.1129,1.6145,2.0594,2.454,2.8041,3.1147,3.3903,3.6348,3.8517,4.044,0.42,1.0141,1.5579,2.0531,2.5005,2.9002,3.2117,3.4791,3.6959,3.8653
2003,5,1.1431,1.4072,1.7897,2.1823,2.5491,2.8806,3.1765,3.4392,3.6719,3.8776,1.0943,1.5142,1.8928,2.2346,2.5436,2.8231,3.0763,3.306,3.5144,3.7038,0.4545,0.9183,1.3753,1.818,2.2396,2.6344,2.957,3.2476,3.4967,3.705
2003,6,0.997,1.2257,1.5672,1.934,2.2889,2.6175,2.9156,3.1832,3.4221,3.6347,1.0696,1.4474,1.7925,2.1079,2.3966,2.6612,2.9039,3.1268,3.3317,3.5202,0.3528,0.8344,1.2905,1.718,2.114,2.4755,2.7596,3.0082,3.2131,3.3761
2003,7,1.0932,1.5018,1.9915,2.4586,2.8764,3.2427,3.5622,3.8409,4.084,4.2961,1.2871,1.7417,2.1445,2.5021,2.8199,3.103,3.3554,3.5809,3.7827,3.9636,0.5929,1.1263,1.625,2.0878,2.5134,2.9,3.2056,3.4729,3.6945,3.8725
2003,8,1.2767,1.8834,2.466,2.967,3.3958,3.7657,4.0869,4.3666,4.6103,4.8223,1.2082,1.7966,2.3041,2.7426,3.1221,3.4511,3.7369,3.9853,4.2016,4.3902,0.4786,1.2516,1.907,2.4601,2.9228,3.3042,3.5712,3.774,3.911,3.9892
2003,9,1.1768,1.6993,2.2659,2.767,3.1969,3.5665,3.8865,4.1647,4.4071,4.6182,0.9787,1.5294,2.0165,2.4471,2.8276,3.1636,3.46,3.7212,3.9512,4.1534,0.4344,1.0822,1.6627,2.1807,2.6396,3.0417,3.3481,3.6044,3.805,3.9543
2003,10,1.2165,1.7521,2.3021,2.7869,3.2057,3.5689,3.8855,4.1623,4.4044,4.616,1.0447,1.5546,2.0111,2.4198,2.7854,3.1125,3.405,3.6664,3.8998,4.1082,0.5397,1.0584,1.5671,2.0563,2.519,2.9492,3.3021,3.6184,3.889,4.1154
2003,11,1.3213,1.9209,2.4603,2.9138,3.3005,3.6355,3.9281,4.1847,4.4099,4.6072,1.2174,1.6462,2.0445,2.4112,2.7469,3.0528,3.3307,3.5826,3.8105,4.0163,0.4715,1.0555,1.5886,2.0723,2.5072,2.8936,3.1911,3.4436,3.645,3.7985
2003,12,1.2943,1.8945,2.4415,2.8981,3.2832,3.6136,3.9005,4.1511,4.3705,4.5624,1.4127,1.8151,2.1796,2.5098,2.8088,3.0794,3.3245,3.5462,3.7467,3.9281,0.6402,1.1983,1.7056,2.1641,2.5748,2.938,3.2134,3.4451,3.6269,3.7619
2004,1,1.2056,1.7491,2.2821,2.7388,3.1277,3.4629,3.7546,4.01,4.2339,4.4304,1.2847,1.652,1.9919,2.3064,2.5974,2.8667,3.1159,3.3465,3.56,3.7577,0.7871,1.1971,1.6007,1.9926,2.3678,2.7215,3.009,3.2707,3.4969,3.6882
2004,2,1.2006,1.7313,2.2533,2.701,3.0828,3.4121,3.699,3.9503,4.1709,4.3645,1.3131,1.6664,1.9948,2.3003,2.5848,2.8498,3.0967,3.3271,3.5421,3.743,0.6402,1.104,1.546,1.9634,2.3535,2.7134,2.9998,3.2544,3.4688,3.6445
2004,3,1.1432,1.567,2.0247,2.4395,2.8064,3.1309,3.4185,3.6736,3.8998,4.1,1.2102,1.5851,1.9285,2.2434,2.5324,2.7978,3.0418,3.2663,3.473,3.6635,0.7719,1.1502,1.5309,1.9076,2.2741,2.6247,2.9138,3.1812,3.4166,3.6199
2004,4,1.4466,2.086,2.6131,3.0444,3.4095,3.7252,4.001,4.243,4.4554,4.6417,1.515,1.9684,2.3696,2.725,3.0403,3.3204,3.5695,3.7913,3.9891,4.1656,0.9556,1.4709,1.9527,2.4002,2.812,3.1865,3.4817,3.7401,3.9542,4.1261
2004,5,1.7871,2.5525,3.109,3.5371,3.8866,4.1819,4.4357,4.6558,4.8472,5.0138,1.8437,2.3766,2.8226,3.1981,3.5158,3.7858,4.0165,4.2144,4.3848,4.5321,1.1254,1.8099,2.3901,2.8834,3.3025,3.6561,3.9101,4.1129,4.2616,4.3616
2004,6,2.0776,2.7696,3.2575,3.6386,3.9557,4.2274,4.4634,4.6696,4.85,5.0078,2.0939,2.4694,2.8085,3.114,3.3889,3.6364,3.8596,4.0612,4.2437,4.4091,1.1728,1.843,2.4023,2.8696,3.2584,3.5783,3.7958,3.9602,4.0689,4.1281
2004,7,2.0478,2.6365,3.066,3.4162,3.7164,3.979,4.2106,4.4155,4.5967,4.7568,2.015,2.3428,2.6428,2.9177,3.1699,3.4018,3.6152,3.8119,3.9935,4.1613,1.1284,1.7323,2.2443,2.6782,3.0437,3.3478,3.555,3.7134,3.8191,3.8775
2004,8,2.0051,2.4902,2.8797,3.2113,3.5023,3.7609,3.9915,4.1975,4.3814,4.5452,1.6856,2.0684,2.4107,2.7173,2.9925,3.2398,3.4625,3.6633,3.8448,4.009,0.9085,1.4587,1.9512,2.3903,2.7789,3.1186,3.3702,3.5785,3.7376,3.8511
2004,9,2.1187,2.4978,2.8196,3.105,3.3638,3.6011,3.8189,4.0185,4.2003,4.3649,1.6857,2.0271,2.337,2.6185,2.8748,3.1085,3.3218,3.5169,3.6956,3.8596,1.0432,1.5288,1.9749,2.3821,2.7506,3.0795,3.3279,3.5388,3.7054,3.83
2004,10,2.2198,2.5593,2.8522,3.1169,3.3613,3.5884,3.7991,3.9934,4.1713,4.3327,1.8245,2.1338,2.4173,2.6776,2.9168,3.1369,3.3397,3.5269,3.6998,3.8597,1.2323,1.6386,2.0307,2.4039,2.7538,3.0764,3.3276,3.5483,3.7297,3.873
2004,11,2.5189,2.8406,3.0917,3.3146,3.5239,3.7234,3.9125,4.0899,4.254,4.4041,2.0165,2.3053,2.57,2.8128,3.0359,3.2411,3.43,3.6042,3.7649,3.9134,1.4812,1.82,2.168,2.5154,2.854,3.1765,3.4362,3.6724,3.8746,4.0426
2004,12,2.7003,3.0004,3.2158,3.4061,3.5901,3.771,3.9468,4.1143,4.2711,4.4152,2.1263,2.3788,2.6192,2.8463,3.0598,3.2598,3.4468,3.6214,3.7844,3.9365,1.5682,1.9256,2.2717,2.6023,2.9136,3.2015,3.4221,3.6164,3.7753,3.8997
2005,1,2.9069,3.2062,3.3959,3.5498,3.6949,3.8383,3.9798,4.1168,4.2465,4.367,2.1942,2.4163,2.6302,2.8348,3.0298,3.2149,3.3903,3.5562,3.713,3.861,1.7094,1.9838,2.2693,2.5573,2.8402,3.1108,3.3227,3.515,3.677,3.8083
2005,2,3.0788,3.367,3.5224,3.637,3.7442,3.8532,3.9641,4.0739,4.1795,4.2784,2.5168,2.6511,2.7897,2.9316,3.0761,3.2223,3.3696,3.5174,3.6652,3.8125,1.8641,2.1262,2.3904,2.6515,2.9039,3.1427,3.3226,3.4837,3.616,3.7198
2005,3,3.3625,3.7176,3.905,4.029,4.1329,4.2327,4.3318,4.4295,4.5234,4.6112,2.742,2.9155,3.0835,3.2455,3.4016,3.5517,3.6958,3.8341,3.9665,4.0934,2.182,2.4517,2.7167,2.9737,3.219,3.4483,3.6172,3.766,3.8853,3.9753
2005,4,3.3703,3.6466,3.7829,3.8774,3.9666,4.0603,4.1584,4.2577,4.3545,4.4458,2.9012,3.0427,3.182,3.3183,3.4509,3.5797,3.7045,3.8253,3.9421,4.0549,2.3773,2.569,2.7749,2.988,3.2017,3.4098,3.5661,3.7098,3.8302,3.9267
2005,5,3.3986,3.6188,3.7002,3.7526,3.812,3.8853,3.9697,4.0596,4.15,4.237,2.9402,3.0286,3.1247,3.2267,3.3328,3.442,3.5533,3.6659,3.7792,3.8928,2.318,2.5184,2.7256,2.9339,3.1376,3.3315,3.4701,3.5931,3.6906,3.7622
2005,6,3.4581,3.6165,3.662,3.6888,3.7271,3.7819,3.8495,3.9242,4.001,4.0758,2.8676,2.9608,3.059,3.1607,3.2645,3.3695,3.4749,3.5799,3.6842,3.7872,2.2714,2.4708,2.6709,2.8672,3.0554,3.231,3.3492,3.4506,3.5252,3.5736
2005,7,3.7128,3.8634,3.9006,3.9178,3.9456,3.9894,4.0461,4.1101,4.1765,4.2415,2.8458,2.967,3.0857,3.2018,3.3152,3.426,3.5341,3.6395,3.7422,3.8423,2.3491,2.5213,2.7112,2.9108,3.1128,3.3102,3.4566,3.5907,3.7015,3.7882
2005,8,3.8968,4.0272,4.0539,4.0611,4.0779,4.1103,4.1558,4.2094,4.2666,4.3234,3.0187,3.1222,3.2259,3.3296,3.433,3.5361,3.6385,3.7403,3.8412,3.9411,2.4214,2.6308,2.8411,3.0479,3.2467,3.4329,3.562,3.6741,3.7597,3.8189
2005,9,3.8648,3.9256,3.9339,3.9458,3.9752,4.0215,4.0797,4.1443,4.2108,4.2757,2.9509,3.0442,3.1428,3.2457,3.352,3.4609,3.5717,3.6839,3.7968,3.9101,2.4657,2.6269,2.8044,2.9909,3.1793,3.3631,3.4959,3.6167,3.7146,3.7889
2005,10,4.1944,4.2662,4.2745,4.2778,4.2949,4.3282,4.3742,4.4279,4.4846,4.5407,3.1367,3.241,3.3471,3.4543,3.5621,3.6697,3.777,3.8836,3.9893,4.0938,2.5984,2.7783,2.9724,3.1728,3.3724,3.5647,3.7035,3.828,3.9275,4.0017
2005,11,4.3794,4.3899,4.3838,4.391,4.414,4.4498,4.4938,4.5421,4.5911,4.6386,3.3105,3.4055,3.5015,3.598,3.6949,3.7919,3.889,3.9859,4.0825,4.1787,2.7817,2.9327,3.1029,3.2852,3.4725,3.6583,3.7961,3.9248,4.0332,4.1206
2005,12,4.3689,4.384,4.3602,4.3421,4.3434,4.3644,4.4006,4.4465,4.497,4.5482,3.3471,3.4296,3.5137,3.5987,3.6842,3.7697,3.8549,3.9396,4.0236,4.1067,2.9267,3.0369,3.1697,3.3174,3.4728,3.629,3.7393,3.8423,3.9268,3.9917
2006,1,4.4398,4.369,4.323,4.3025,4.3039,4.3223,4.3527,4.3905,4.4321,4.4745,3.3174,3.3798,3.4453,3.5134,3.5837,3.6558,3.7294,3.8042,3.8799,3.9562,2.8675,2.9746,3.1033,3.2462,3.3961,3.5462,3.6501,3.7463,3.8237,3.8813
2006,2,4.6721,4.6342,4.5917,4.5594,4.542,4.5391,4.5482,4.5659,4.589,4.6147,3.3836,3.4447,3.5084,3.5741,3.6414,3.7099,3.7793,3.8495,3.92,3.9909,2.9436,3.0402,3.1611,3.2981,3.4434,3.59,3.6908,3.7845,3.8598,3.9157
2006,3,4.7586,4.7174,4.6827,4.663,4.6594,4.6697,4.6907,4.7186,4.7503,4.783,3.5134,3.5668,3.6233,3.6824,3.744,3.8075,3.8728,3.9396,4.0076,4.0767,3.0353,3.1313,3.2572,3.4042,3.564,3.7287,3.8509,3.9686,4.0699,4.1533
2006,4,4.8945,4.8607,4.8342,4.8255,4.8358,4.862,4.8998,4.9447,4.9927,5.0407,3.6865,3.737,3.7924,3.8516,3.9139,3.9786,4.045,4.1128,4.1816,4.2509,3.2724,3.351,3.4568,3.5818,3.7185,3.8597,3.9583,4.0526,4.1313,4.1929
2006,5,4.9651,4.9334,4.9098,4.9057,4.9218,4.9546,4.999,5.0501,5.1038,5.1566,3.7007,3.7519,3.8079,3.8678,3.9306,3.9957,4.0623,4.13,4.1983,4.2669,3.3102,3.3793,3.4799,3.6032,3.741,3.8851,3.9883,4.0882,4.1731,4.2413
2006,6,5.1434,5.0801,5.02,4.9834,4.9734,4.9857,5.014,5.0524,5.0953,5.1389,3.7435,3.7907,3.8428,3.8987,3.9575,4.0186,4.0812,4.1448,4.2091,4.2735,3.2887,3.4006,3.5225,3.649,3.7749,3.8948,3.9636,4.0209,4.0565,4.0703
2006,7,5.1954,5.081,5.0041,4.9641,4.9541,4.966,4.9924,5.0272,5.0656,5.1043,3.8241,3.861,3.9029,3.9488,3.9981,4.05,4.1041,4.1599,4.217,4.275,3.3409,3.4375,3.5596,3.6994,3.8492,4.0018,4.1102,4.2128,4.2983,4.3653
2006,8,5.0334,4.8639,4.7713,4.7315,4.7272,4.746,4.7788,4.8191,4.8624,4.9055,3.6271,3.6616,3.7006,3.7438,3.7906,3.8407,3.8938,3.9493,4.0071,4.0669,3.2305,3.2887,3.3848,3.5089,3.6519,3.8052,3.9206,4.0354,4.1372,4.2241
2006,9,4.9218,4.7216,4.62,4.5809,4.5804,4.603,4.6382,4.6794,4.7221,4.7633,3.5871,3.6088,3.636,3.668,3.7044,3.7448,3.7888,3.836,3.8862,3.9389,3.1376,3.216,3.3195,3.4404,3.5715,3.7058,3.7966,3.8825,3.9521,4.0042
2006,10,4.9376,4.7497,4.6496,4.6065,4.5999,4.6161,4.6458,4.6826,4.7223,4.7617,3.6097,3.626,3.6493,3.6792,3.7148,3.7557,3.8013,3.8512,3.9049,3.9619,3.1451,3.22,3.3222,3.4437,3.5765,3.7133,3.8069,3.8958,3.9682,4.023
2006,11,4.9037,4.6824,4.5594,4.5005,4.4831,4.4918,4.5161,4.5489,4.5853,4.6221,3.5905,3.6047,3.6247,3.6499,3.68,3.7147,3.7535,3.7963,3.8426,3.8922,3.1609,3.2297,3.3221,3.4309,3.549,3.6697,3.7465,3.8179,3.873,3.9106
2006,12,4.8582,4.6185,4.4973,4.4463,4.4373,4.453,4.4829,4.5197,4.5592,4.5984,3.5946,3.6089,3.6286,3.6533,3.6828,3.7167,3.7546,3.7962,3.8413,3.8896,3.1968,3.2602,3.3411,3.4335,3.5313,3.6286,3.6794,3.7232,3.7492,3.7569
2007,1,4.9883,4.8202,4.7214,4.6717,4.6561,4.6635,4.6856,4.7163,4.7512,4.7871,3.7089,3.7228,3.7413,3.7642,3.7911,3.8218,3.8558,3.8929,3.9329,3.9755,3.2834,3.3537,3.442,3.5419,3.6473,3.7523,3.8109,3.8623,3.8958,3.9108
2007,2,4.9673,4.7891,4.6851,4.6332,4.6175,4.626,4.6498,4.6827,4.72,4.7583,3.7096,3.7233,3.7413,3.7634,3.7891,3.8184,3.8508,3.8863,3.9245,3.9653,3.2599,3.3398,3.4358,3.5416,3.6512,3.7588,3.8185,3.8697,3.9019,3.9143
2007,3,4.8068,4.5581,4.439,4.3975,4.4017,4.4317,4.4751,4.5242,4.574,4.6217,3.6104,3.6297,3.6529,3.6798,3.7101,3.7434,3.7796,3.8185,3.8597,3.9031,3.2151,3.2907,3.3813,3.4805,3.5824,3.681,3.7305,3.7704,3.7901,3.7892
2007,4,4.8857,4.6472,4.5348,4.4986,4.5074,4.5419,4.5896,4.6428,4.6966,4.7478,3.6941,3.7178,3.7449,3.7752,3.8082,3.8438,3.8817,3.9215,3.9632,4.0064,3.2886,3.3727,3.4671,3.5666,3.6658,3.7595,3.8024,3.8344,3.8451,3.8346
2007,5,4.9123,4.7307,4.6298,4.586,4.5813,4.6025,4.6396,4.6853,4.7346,4.7836,3.7241,3.7426,3.7646,3.7899,3.8182,3.8492,3.8828,3.9187,3.9567,3.9967,3.3094,3.3894,3.4814,3.58,3.6798,3.7753,3.8212,3.8571,3.8728,3.868
2007,6,4.9727,4.945,4.9274,4.9264,4.9419,4.9705,5.0083,5.0512,5.0958,5.1392,3.891,3.922,3.9565,3.9939,4.0337,4.0754,4.1186,4.1629,4.208,4.2537,3.4469,3.5613,3.6779,3.7923,3.9001,3.9969,4.0382,4.0644,4.066,4.0433
2007,7,4.9032,4.783,4.7494,4.7634,4.8023,4.8531,4.9078,4.9616,5.0119,5.0568,3.8072,3.8471,3.8905,3.9365,3.9846,4.0342,4.0848,4.1361,4.1878,4.2395,3.403,3.5132,3.6295,3.7462,3.8579,3.9596,4.0063,4.0382,4.0456,4.0285
2007,8,4.4286,4.3074,4.29,4.3289,4.3972,4.4791,4.5649,4.6489,4.7274,4.7985,3.701,3.7509,3.8055,3.8639,3.9253,3.989,4.0544,4.1211,4.1885,4.2564,3.3337,3.4351,3.5482,3.6676,3.7878,3.9034,3.969,4.0244,4.0592,4.0732
2007,9,4.131,4.0125,4.0004,4.0534,4.1427,4.2489,4.359,4.4648,4.5614,4.6462,3.5413,3.5644,3.5973,3.6388,3.6879,3.7436,3.8051,3.8716,3.9425,4.0172,3.2065,3.2807,3.3702,3.4691,3.5714,3.6714,3.7234,3.7669,3.7912,3.796
2007,10,4.0739,3.9488,3.9503,4.0228,4.13,4.2495,4.3673,4.4759,4.5713,4.6522,3.4739,3.5089,3.551,3.5993,3.653,3.7113,3.7738,3.8397,3.9086,3.98,3.13,3.2135,3.315,3.4282,3.5469,3.6649,3.7362,3.7999,3.8454,3.8718
2007,11,3.4307,3.3333,3.3784,3.4998,3.6555,3.8195,3.9766,4.1187,4.242,4.3456,3.393,3.4339,3.4858,3.5467,3.6153,3.6902,3.7703,3.8545,3.9419,4.0319,2.9937,3.0968,3.2188,3.3524,3.4907,3.627,3.7152,3.7943,3.8535,3.8922
2007,12,3.2322,3.0914,3.1408,3.2908,3.4852,3.69,3.8856,4.0618,4.2139,4.3411,3.2243,3.2762,3.3377,3.4074,3.484,3.5665,3.654,3.7455,3.8403,3.9377,2.8349,2.939,3.0667,3.2091,3.3585,3.5075,3.6094,3.7026,3.7762,3.829
2008,1,2.5965,2.4302,2.5422,2.758,3.0038,3.2468,3.4726,3.6752,3.853,4.0061,2.81,2.8984,2.9938,3.0942,3.1981,3.3044,3.412,3.52,3.6277,3.7346,2.4617,2.5746,2.7116,2.8647,3.0265,3.1897,3.3075,3.4184,3.5109,3.584
2008,2,1.9235,1.9519,2.2036,2.5229,2.8473,3.1517,3.4269,3.6704,3.8828,4.0659,2.5491,2.6979,2.8551,3.0168,3.18,3.3425,3.5028,3.6596,3.8122,3.9601,2.1273,2.3347,2.5541,2.7784,3.001,3.2157,3.3765,3.5225,3.6432,3.738
2008,3,1.5158,1.6039,1.8456,2.1557,2.4869,2.813,3.1198,3.3996,3.6492,3.8676,2.7503,2.8628,2.9997,3.1533,3.3177,3.4884,3.6619,3.8356,4.0077,4.1766,2.3096,2.527,2.7455,2.9605,3.1676,3.3621,3.4993,3.6196,3.7134,3.7808
2008,4,1.7814,2.0134,2.2787,2.5584,2.8385,3.1092,3.3639,3.5983,3.8098,3.9972,2.5548,2.7245,2.9041,3.087,3.2686,3.4459,3.617,3.7806,3.9361,4.0833,2.1291,2.3531,2.593,2.8408,3.0895,3.332,3.5218,3.6979,3.849,3.9747
2008,5,2.068,2.3791,2.6741,2.951,3.2081,3.4446,3.6601,3.8548,4.029,4.1834,2.5403,2.7392,2.928,3.1073,3.2776,3.4395,3.5934,3.7397,3.8788,4.0112,2.0492,2.3262,2.5924,2.8453,3.082,3.2993,3.4534,3.5857,3.6872,3.7587
2008,6,2.4048,2.7228,3.0141,3.2794,3.5198,3.7364,3.9303,4.1028,4.2552,4.3886,2.6631,2.8777,3.0791,3.268,3.4451,3.6114,3.7674,3.9138,4.0514,4.1808,2.0778,2.4244,2.7381,3.0198,3.2694,3.4863,3.6289,3.7403,3.8131,3.8495
2008,7,2.2513,2.5395,2.8187,3.0842,3.333,3.5629,3.7727,3.9618,4.1301,4.278,2.6151,2.8384,3.0477,3.2437,3.4275,3.5997,3.7612,3.9127,4.055,4.1886,1.9183,2.3156,2.6621,2.9631,3.222,3.4403,3.5788,3.6819,3.7434,3.7665
2008,8,2.1396,2.3856,2.6436,2.9024,3.1539,3.3923,3.6138,3.8158,3.9971,4.1572,2.3173,2.5829,2.8302,3.0605,3.275,3.4749,3.6613,3.8351,3.9973,4.1488,1.7699,2.1497,2.4942,2.8056,3.0849,3.3319,3.5054,3.6487,3.7542,3.8243
2008,9,1.8884,2.0701,2.3184,2.5968,2.8806,3.1537,3.4063,3.6329,3.8312,4.0007,2.3929,2.6654,2.919,3.1553,3.3756,3.5813,3.7736,3.9534,4.1217,4.2795,1.9828,2.2667,2.5516,2.8323,3.1036,3.3606,3.5581,3.7362,3.8849,4.0044
2008,10,1.4238,1.5251,1.8659,2.3127,2.7834,3.2298,3.6264,3.9618,4.2337,4.4447,3.1429,3.3882,3.6209,3.8413,4.0498,4.2471,4.4335,4.6098,4.7763,4.9336,2.5995,2.881,3.159,3.4292,3.687,3.9278,4.1073,4.2658,4.3939,4.4919
2008,11,1.0095,1.032,1.3642,1.841,2.3598,2.8598,3.3081,3.6895,3.9998,4.2413,2.6706,2.9323,3.1847,3.4263,3.6562,3.8741,4.0799,4.2737,4.456,4.6271,2.1462,2.4069,2.685,2.9703,3.2541,3.5288,3.7474,3.9487,4.1218,4.2661
2008,12,0.4878,0.5735,0.8401,1.1956,1.5798,1.9549,2.2985,2.5989,2.8512,3.0552,2.6222,2.8732,3.1259,3.3753,3.6177,3.8511,4.074,4.2858,4.4863,4.6756,1.7886,2.0943,2.4007,2.7025,2.9945,3.2715,3.4884,3.6852,3.8519,3.9885
2009,1,0.4597,0.6478,0.9527,1.3147,1.6932,2.0612,2.402,2.7059,2.9684,3.1882,2.1846,2.349,2.531,2.7255,2.9284,3.1365,3.3473,3.5585,3.7687,3.9765,1.2735,1.4646,1.6999,1.9664,2.2523,2.547,2.8007,3.0495,3.2802,3.4903
2009,2,0.6469,0.8875,1.229,1.6158,2.0104,2.3886,2.7355,3.0431,3.3078,3.5294,2.0763,2.2757,2.4823,2.6925,2.9036,3.1135,3.3206,3.5237,3.7218,3.9144,1.1326,1.3553,1.6101,1.8863,2.1741,2.4643,2.7087,2.9445,3.1594,3.3515
2009,3,0.6651,0.9099,1.2303,1.5848,1.9448,2.2915,2.613,2.9023,3.1563,3.3741,1.9598,2.3073,2.6288,2.9264,3.2021,3.4576,3.6948,3.915,4.1197,4.3101,0.9636,1.3422,1.7294,2.1176,2.4999,2.8696,3.1806,3.4718,3.7327,3.9627
2009,4,0.5817,0.89,1.2387,1.6017,1.9605,2.3025,2.6195,2.9066,3.1613,3.383,1.7459,2.0737,2.3852,2.6805,2.9599,3.2239,3.473,3.7079,3.9294,4.1382,0.7341,1.1004,1.4763,1.8545,2.228,2.5904,2.8953,3.1819,3.4393,3.6671
2009,5,0.5238,0.9131,1.3442,1.7827,2.2061,2.6004,2.9575,3.2738,3.5483,3.7822,1.5965,1.966,2.3057,2.6182,2.9059,3.1708,3.415,3.6403,3.8482,4.0402,0.7342,1.1035,1.4787,1.8529,2.2199,2.5734,2.8677,3.142,3.386,3.5993
2009,6,0.5895,1.1732,1.7351,2.2545,2.7205,3.129,3.4802,3.777,4.0237,4.2252,1.544,2.0324,2.4624,2.8409,3.1742,3.4676,3.7259,3.9532,4.1532,4.329,0.8782,1.2454,1.6311,2.0242,2.4153,2.796,3.1189,3.4222,3.6945,3.9351
2009,7,0.5086,1.0195,1.5442,2.0475,2.5093,2.9199,3.2761,3.5787,3.8313,4.0384,1.3661,1.8256,2.2392,2.6117,2.9474,3.25,3.523,3.7693,3.9917,4.1927,0.6228,1.0113,1.4089,1.808,2.2018,2.5835,2.9068,3.2107,3.4846,3.7277
2009,8,0.5247,1.1091,1.6621,2.1665,2.6145,3.0039,3.3363,3.6155,3.8464,4.0345,1.1429,1.601,2.0176,2.3964,2.7409,3.0543,3.3395,3.5989,3.835,4.0499,0.724,1.0434,1.3842,1.737,2.0928,2.4436,2.7419,3.0256,3.2831,3.5131
2009,9,0.4296,0.9473,1.4698,1.9627,2.4079,2.7977,3.1308,3.4099,3.6399,3.8262,1.1367,1.547,1.9195,2.2577,2.5647,2.8434,3.0964,3.3261,3.5345,3.7237,0.5406,0.9064,1.2873,1.6746,2.0604,2.4371,2.7578,3.061,3.3354,3.5802
2009,10,0.4134,0.9444,1.4579,1.9344,2.3639,2.7422,3.0694,3.348,3.5818,3.7755,1.0868,1.5717,1.9993,2.3763,2.7085,3.0011,3.2587,3.4853,3.6845,3.8594,0.606,0.9826,1.3714,1.7644,2.1538,2.5328,2.8545,3.1577,3.4314,3.6748
2009,11,0.3326,0.8019,1.3056,1.7989,2.2566,2.6662,3.0232,3.328,3.5839,3.7956,0.94,1.4809,1.9557,2.3722,2.7373,3.0572,3.3372,3.582,3.7957,3.9819,0.5328,0.9249,1.3396,1.7627,2.1831,2.5913,2.9394,3.2656,3.5587,3.8178
2009,12,0.4032,0.8649,1.3763,1.8839,2.3574,2.7817,3.1513,3.4664,3.7303,3.9481,0.8719,1.3544,1.7891,2.1805,2.5327,2.8495,3.1342,3.3898,3.6192,3.8247,0.567,0.8944,1.2446,1.607,1.9721,2.3314,2.6372,2.9274,3.1903,3.4247
2010,1,0.3863,0.9254,1.4842,2.0176,2.5024,2.9284,3.294,3.6019,3.8574,4.0668,0.714,1.2453,1.7199,2.1435,2.5209,2.8565,3.1545,3.4186,3.6519,3.8576,0.4407,0.8001,1.1799,1.5699,1.9606,2.3437,2.6716,2.9822,3.2641,3.5161
2010,2,0.361,0.8473,1.3843,1.9141,2.405,2.842,3.2201,3.5403,3.8072,4.0264,0.7048,1.2046,1.6543,2.0586,2.422,2.7484,3.0412,3.3038,3.5389,3.7492,0.4727,0.8037,1.1769,1.5752,1.9842,2.3918,2.7477,3.0878,3.3992,3.6796
2010,3,0.4294,0.9453,1.4846,2.0016,2.4732,2.8897,3.2494,3.5551,3.8114,4.0242,0.7607,1.2498,1.6924,2.0926,2.4541,2.7803,3.0744,3.3392,3.5773,3.7911,0.5561,0.8634,1.2027,1.5616,1.9294,2.2962,2.6132,2.9174,3.1963,3.4482
2010,4,0.4843,1.0435,1.617,2.1504,2.6228,3.0294,3.3737,3.6621,3.902,4.1005,0.9056,1.4094,1.8596,2.2616,2.6202,2.94,3.2249,3.4784,3.7037,3.9037,0.6458,0.9973,1.3734,1.7613,2.1504,2.5312,2.8558,3.1617,3.4375,3.6819
2010,5,0.4241,0.8292,1.312,1.797,2.2462,2.6432,2.9837,3.2698,3.5068,3.7009,0.8929,1.3777,1.8103,2.1962,2.5402,2.8468,3.1199,3.363,3.5792,3.7712,0.6621,0.9695,1.3101,1.6702,2.0381,2.4036,2.7176,3.0169,3.2893,3.5328
2010,6,0.3829,0.7238,1.1699,1.6298,2.0602,2.4433,2.7745,3.0558,3.2922,3.4892,0.8206,1.317,1.7613,2.1588,2.5145,2.8325,3.1167,3.3706,3.5973,3.7996,0.6646,0.9619,1.2847,1.6231,1.9677,2.3101,2.6024,2.8822,3.1376,3.367
2010,7,0.337,0.6008,0.9831,1.4018,1.8116,2.1893,2.5249,2.8159,3.064,3.2729,0.9086,1.3218,1.6994,2.0448,2.3608,2.6503,2.9156,3.1589,3.3822,3.5873,0.7027,0.9753,1.2712,1.5806,1.8947,2.2055,2.4653,2.712,2.9341,3.1301
2010,8,0.303,0.4864,0.7888,1.1414,1.5021,1.8469,2.1629,2.4448,2.6915,2.9045,0.8447,1.1726,1.4881,1.7899,2.0774,2.3503,2.6087,2.8529,3.0832,3.3004,0.7494,0.9191,1.1306,1.3715,1.6304,1.897,2.1221,2.3419,2.5435,2.7245
2010,9,0.2961,0.4619,0.7564,1.1059,1.4658,1.8106,2.1268,2.4087,2.6551,2.8677,0.9417,1.2321,1.5152,1.7895,2.0541,2.3085,2.5523,2.7855,3.0082,3.2205,0.6551,0.8727,1.1268,1.4062,1.7003,1.9996,2.2554,2.5044,2.7341,2.9424
2010,10,0.2491,0.3376,0.5775,0.8953,1.2433,1.5922,1.9242,2.2299,2.5051,2.749,0.959,1.2657,1.5619,1.8464,2.1183,2.3774,2.6237,2.8571,3.0782,3.2872,0.8189,1.0098,1.2338,1.4782,1.7321,1.9862,2.1919,2.3867,2.5585,2.7058
2010,11,0.2839,0.4291,0.6949,1.0245,1.3801,1.7371,2.0802,2.4003,2.6929,2.9563,1.2399,1.489,1.7511,2.0198,2.2901,2.5585,2.8224,3.0801,3.3302,3.572,0.893,1.0551,1.2638,1.5055,1.7682,2.041,2.2739,2.5031,2.715,2.9071
2010,12,0.3269,0.6138,1.0418,1.506,1.9545,2.3641,2.7268,3.042,3.3131,3.5445,1.3055,1.6443,1.978,2.3028,2.6161,2.9162,3.2023,3.4739,3.731,3.9739,0.8551,1.1661,1.4951,1.8334,2.1728,2.5058,2.7852,3.0494,3.287,3.497
2011,1,0.3011,0.6,1.0508,1.5364,2.0017,2.4237,2.7954,3.1177,3.3948,3.6318,1.4414,1.8001,2.1501,2.4872,2.8088,3.1135,3.4008,3.6708,3.9238,4.1607,0.8584,1.1916,1.5418,1.9003,2.2589,2.6101,2.9068,3.1874,3.4406,3.6655
2011,2,0.333,0.7614,1.287,1.8021,2.2677,2.6741,3.0237,3.3229,3.5788,3.7978,1.3699,1.7681,2.142,2.4923,2.8199,3.1257,3.4111,3.6771,3.925,4.1559,0.8748,1.1784,1.5089,1.853,2.1996,2.5391,2.8232,3.0897,3.3267,3.5333
2011,3,0.2915,0.6781,1.1738,1.6705,2.1253,2.5255,2.8714,3.1681,3.4221,3.6396,1.3639,1.7134,2.0465,2.3634,2.6644,2.95,3.2207,3.4771,3.7199,3.9496,0.7545,1.0799,1.4255,1.7816,2.1395,2.4911,2.7891,3.0714,3.3265,3.5532
2011,4,0.2854,0.7116,1.2276,1.7317,2.1872,2.5849,2.9273,3.2204,3.4709,3.6852,1.1832,1.5833,1.9649,2.3262,2.6663,2.9852,3.2832,3.5609,3.8193,4.0593,0.7727,1.0961,1.4427,1.8009,2.1605,2.5126,2.8095,3.089,3.3395,3.5599
2011,5,0.214,0.5295,0.9543,1.4058,1.8407,2.2384,2.5911,2.8981,3.1621,3.3875,1.142,1.453,1.7609,2.0634,2.3586,2.6451,2.922,3.1889,3.4454,3.6914,0.8708,1.0727,1.3161,1.5885,1.8788,2.1766,2.4326,2.6832,2.9154,3.1267
2011,6,0.2068,0.4129,0.7568,1.1607,1.5767,1.9766,2.3451,2.6754,2.9656,3.2172,1.0288,1.3048,1.5913,1.8827,2.1745,2.4636,2.7473,3.0239,3.2922,3.5512,0.6255,0.8556,1.1234,1.4169,1.725,2.0378,2.3064,2.5673,2.8077,3.0256
2011,7,0.2152,0.4038,0.7342,1.1309,1.5457,1.9495,2.3255,2.6656,2.9666,3.229,0.7377,1.1255,1.4944,1.8445,2.1758,2.489,2.7845,3.0632,3.3258,3.5732,0.7213,0.9022,1.1346,1.4037,1.6964,2.0011,2.2671,2.5299,2.7757,3.0015
2011,8,0.1468,0.2213,0.431,0.7146,1.031,1.3536,1.6659,1.9581,2.2253,2.4656,0.8919,1.1757,1.4619,1.7473,2.0293,2.3058,2.5756,2.8375,3.0909,3.3353,1.035,1.1554,1.3191,1.5137,1.7283,1.9528,2.1378,2.3198,2.4859,2.6336
2011,9,0.138,0.2184,0.4011,0.6402,0.9046,1.1741,1.4357,1.6817,1.9079,2.1127,1.0973,1.2698,1.4713,1.693,1.9281,2.1711,2.4178,2.6649,2.9099,3.1509,1.2603,1.3366,1.4454,1.5773,1.7236,1.8763,1.9878,2.0957,2.1881,2.2634
2011,10,0.1681,0.2959,0.5205,0.7932,1.082,1.3667,1.6352,1.8809,2.101,2.2948,0.994,1.295,1.5902,1.8777,2.1559,2.424,2.6815,2.9283,3.1642,3.3896,0.8042,1.0317,1.2834,1.55,1.8226,2.0932,2.3144,2.5241,2.7106,2.8727
2011,11,0.1542,0.2447,0.4322,0.6731,0.9377,1.2058,1.4646,1.7064,1.9268,2.1242,1.0539,1.2968,1.5459,1.7984,2.0519,2.3046,2.555,2.8018,3.044,3.2809,0.9686,1.1322,1.3203,1.5238,1.7342,1.9438,2.1052,2.2565,2.3862,2.4931
2011,12,0.1564,0.2458,0.4272,0.6603,0.9167,1.1774,1.4301,1.6671,1.8841,2.0792,1.2294,1.336,1.4805,1.6551,1.8534,2.0697,2.2995,2.5389,2.7846,3.034,1.0839,1.1888,1.325,1.4832,1.6548,1.8316,1.9661,2.096,2.2094,2.3046
2012,1,0.1469,0.2242,0.3951,0.6207,0.8733,1.1339,1.3894,1.6318,1.856,2.0594,1.1561,1.2305,1.3433,1.4874,1.6564,1.8451,2.0492,2.2648,2.4887,2.7184,1.2458,1.3175,1.408,1.5103,1.618,1.7247,1.7842,1.8357,1.8682,1.8812
2012,2,0.1981,0.261,0.4146,0.624,0.864,1.1163,1.3682,1.6111,1.8393,2.0495,1.0737,1.1525,1.2676,1.4127,1.5822,1.7715,1.9763,2.1931,2.4189,2.6512,1.2317,1.3318,1.4572,1.5997,1.7514,1.9048,2.0129,2.1141,2.1968,2.2599
2012,3,0.2306,0.3508,0.5494,0.793,1.0577,1.327,1.5896,1.8381,2.068,2.2771,0.9326,1.1034,1.2936,1.4985,1.714,1.9368,2.1641,2.3936,2.6233,2.8518,1.1037,1.2071,1.3394,1.4912,1.6536,1.8186,1.9384,2.051,2.1446,2.2179
2012,4,0.2231,0.3021,0.469,0.6891,0.9373,1.1957,1.4518,1.6973,1.9268,2.1374,1.0495,1.1617,1.3077,1.4799,1.6724,1.8799,2.0983,2.3238,2.5538,2.7856,1.0177,1.1027,1.2236,1.3705,1.534,1.7054,1.8366,1.965,2.0785,2.175
2012,5,0.2265,0.2831,0.4155,0.5957,0.8031,1.0225,1.2432,1.4579,1.6615,1.851,1.0453,1.1349,1.258,1.4078,1.5791,1.7671,1.9679,2.1783,2.3955,2.6172,0.9304,0.992,1.0915,1.2191,1.3656,1.5223,1.6412,1.7596,1.8651,1.9558
2012,6,0.2354,0.3046,0.4255,0.5802,0.7553,0.9403,1.1278,1.3121,1.4892,1.6564,1.0824,1.1636,1.2826,1.4326,1.6074,1.802,2.0119,2.2336,2.4637,2.6998,1.1876,1.2516,1.3392,1.4429,1.5551,1.6689,1.7375,1.7997,1.8441,1.8698
2012,7,0.2159,0.2548,0.3538,0.4935,0.6589,0.8385,1.0236,1.2076,1.386,1.5554,1.0555,1.1321,1.2452,1.3886,1.5566,1.7444,1.9481,2.1639,2.3888,2.6203,1.1837,1.2351,1.3156,1.417,1.5311,1.6504,1.7277,1.8011,1.859,1.9
2012,8,0.2135,0.2631,0.3849,0.5525,0.7466,0.953,1.1614,1.3646,1.5578,1.7379,1.0247,1.1047,1.2205,1.3658,1.5353,1.7241,1.9284,2.1445,2.3695,2.6008,1.3039,1.3901,1.4947,1.6104,1.7305,1.8484,1.9179,1.9781,2.0182,2.0374
2012,9,0.2067,0.2371,0.3482,0.5126,0.7095,0.9235,1.1432,1.3601,1.5686,1.7648,0.9816,1.0874,1.2216,1.3788,1.5543,1.7441,1.9449,2.1538,2.3682,2.5861,1.1683,1.274,1.3952,1.5251,1.657,1.7849,1.8625,1.9291,1.974,1.9968
2012,10,0.2226,0.2668,0.3837,0.5489,0.7438,0.9542,1.1696,1.3823,1.5869,1.7798,0.9764,1.0446,1.1496,1.2853,1.4465,1.6285,1.8272,2.0393,2.2616,2.4917,1.0893,1.2645,1.4435,1.6211,1.7923,1.9519,2.0551,2.1419,2.2024,2.2369
2012,11,0.2184,0.2574,0.3654,0.5194,0.702,0.8997,1.1027,1.3038,1.4978,1.6812,0.9441,1.0099,1.1115,1.243,1.3993,1.5762,1.7697,1.9766,2.1939,2.4191,1.2373,1.3107,1.395,1.4848,1.5747,1.6592,1.6931,1.7162,1.7181,1.6988
2012,12,0.2021,0.25,0.3688,0.5343,0.7282,0.9366,1.1494,1.3591,1.5606,1.7504,1.1038,1.1686,1.2678,1.3957,1.5473,1.7184,1.9052,2.1046,2.3138,2.5303,1.1138,1.1829,1.2874,1.4174,1.5641,1.719,1.8342,1.9471,2.0457,2.1281
2013,1,0.1848,0.2546,0.4045,0.6044,0.8321,1.0716,1.3113,1.5433,1.7624,1.9653,1.0415,1.1074,1.209,1.3405,1.4969,1.6737,1.8673,2.0741,2.2914,2.5166,0.9462,1.0451,1.1763,1.3306,1.4994,1.6744,1.8081,1.938,2.0523,2.1493
2013,2,0.1876,0.2592,0.4165,0.6267,0.8661,1.1173,1.368,1.6101,1.8379,2.0483,0.9972,1.0678,1.1745,1.3112,1.4726,1.6543,1.8522,2.063,2.2836,2.5116,0.931,0.9972,1.0985,1.2255,1.3696,1.5226,1.6366,1.7494,1.8487,1.933
2013,3,0.183,0.2498,0.401,0.6055,0.8402,1.0881,1.3373,1.5794,1.8086,2.0215,0.9471,1.0327,1.1556,1.3093,1.4882,1.6872,1.9023,2.1298,2.3664,2.6097,0.9855,1.0812,1.2115,1.3666,1.5374,1.7154,1.8526,1.9866,2.1053,2.2067
2013,4,0.1664,0.2222,0.3494,0.5236,0.7264,0.9437,1.1652,1.3835,1.5931,1.7906,0.9461,1.0171,1.1264,1.2677,1.4356,1.6252,1.8325,2.0536,2.2856,2.5256,1.0239,1.1057,1.2217,1.3622,1.5182,1.6813,1.8037,1.9228,2.0266,2.1133
2013,5,0.1544,0.2469,0.4108,0.6189,0.8508,1.0921,1.3323,1.5643,1.7832,1.9861,0.9308,1.0128,1.1326,1.2837,1.4605,1.658,1.8721,2.099,2.3356,2.5791,1.006,1.0678,1.164,1.2855,1.4236,1.5702,1.6773,1.7829,1.8746,1.9509
2013,6,0.1707,0.3502,0.6141,0.9081,1.2038,1.4872,1.7512,1.9928,2.2112,2.4068,0.8899,1.1106,1.3491,1.5998,1.8582,2.1207,2.3845,2.6473,2.9073,3.1632,0.7584,0.9206,1.1258,1.3615,1.6166,1.8808,2.1047,2.3249,2.5281,2.712
2013,7,0.1502,0.3586,0.6898,1.0553,1.4119,1.7406,2.0346,2.2933,2.5187,2.7141,0.902,1.1388,1.4031,1.6846,1.9755,2.2701,2.564,2.854,3.1379,3.4141,0.7059,0.955,1.2341,1.5316,1.8375,2.1428,2.3991,2.6441,2.8656,3.0622
2013,8,0.1482,0.3756,0.7415,1.1435,1.5322,1.8861,2.1981,2.4685,2.7005,2.8985,0.6862,0.9883,1.3113,1.6463,1.9864,2.3266,2.663,2.9928,3.3141,3.6254,0.6924,0.9357,1.21,1.5046,1.8097,2.1165,2.3765,2.6271,2.856,3.0616
2013,9,0.1469,0.4231,0.8155,1.2286,1.6187,1.9688,2.2746,2.5378,2.7627,2.9541,0.6796,1.0072,1.338,1.6688,1.9972,2.3212,2.6391,2.9498,3.2524,3.5461,0.7255,0.9614,1.235,1.5342,1.848,2.1663,2.4402,2.7063,2.9518,3.1744
2013,10,0.1589,0.3483,0.6642,1.0265,1.3904,1.7324,2.0414,2.314,2.5507,2.7542,0.7682,0.9999,1.2594,1.5388,1.8315,2.1323,2.437,2.7423,3.0454,3.3445,1.1071,1.2153,1.362,1.5363,1.7279,1.9275,2.0865,2.2419,2.381,2.5018
2013,11,0.1496,0.305,0.6218,1.0045,1.3973,1.7697,2.107,2.4037,2.6597,2.8777,0.5586,0.8417,1.1445,1.4589,1.7789,2.0999,2.4182,2.7313,3.0371,3.3344,0.9592,1.1223,1.3112,1.5172,1.732,1.9479,2.1175,2.2789,2.4205,2.541
2013,12,0.1596,0.3524,0.7279,1.1628,1.5919,1.9844,2.3283,2.6217,2.8682,3.073,0.2891,0.6833,1.0753,1.4597,1.833,2.1928,2.5379,2.8674,3.1812,3.4794,0.9288,1.0405,1.2252,1.4631,1.7368,2.0314,2.2939,2.5577,2.8075,3.0392